k_1perMpc,P_Mpc3
6.740000000000001e-05,1011.4653532471943
6.782656560299385e-05,1017.639109184378
6.82558308827482e-05,1023.8505120672272
6.868781292515689e-05,1030.0997910650883
6.912252892424812e-05,1036.3871767387964
6.955999618286876e-05,1042.7129009671687
7.000023211337314e-05,1049.0771967596954
7.044325423831602e-05,1055.4802984760847
7.088908019115009e-05,1061.9224418912615
7.133772771692781e-05,1068.4038642038158
7.178921467300764e-05,1074.9248040445136
7.224355902976499e-05,1081.4855014848836
7.270077887130734e-05,1088.0861980458403
7.316089239619402e-05,1094.7271367063292
7.362391791816065e-05,1101.4085619120672
7.408987386684801e-05,1108.1307195843276
7.455877878853571e-05,1114.8938571287636
7.503065134688018e-05,1121.698223444254
7.550551032365768e-05,1128.5440689318643
7.598337461951182e-05,1135.4316455038347
7.646426325470588e-05,1142.3612065908007
7.694819536987984e-05,1149.3330070569023
7.743519022681217e-05,1156.347303159999
7.792526720918673e-05,1163.404352688162
7.841844582336394e-05,1170.5044149800704
7.891474569915746e-05,1177.6477509342412
7.94141865906154e-05,1184.8346230182856
7.991678837680671e-05,1192.0652952782339
8.042257106261211e-05,1199.340033347902
8.093155477952069e-05,1206.6591044583251
8.144375978643102e-05,1214.0227774472485
8.19592064704575e-05,1221.4313227686455
8.24779153477419e-05,1228.8850125023296
8.299990706426986e-05,1236.3841203636132
8.352520239669277e-05,1243.9289217129804
8.405382225315462e-05,1251.5196935658896
8.458578767412425e-05,1259.1567146123548
8.512111983323292e-05,1266.8402653425208
8.56598400381168e-05,1274.5706280210386
8.62019697312654e-05,1282.3480866143393
8.674753049087484e-05,1290.172926799067
8.729654403170669e-05,1298.0454359722924
8.784903220595242e-05,1305.9659032617647
8.840501700410317e-05,1313.9346195362111
8.896452055582476e-05,1321.9518774157154
8.952756513083893e-05,1330.0179712821898
9.009417313980936e-05,1338.133197289806
9.066436713523391e-05,1346.297853375649
9.123816981234216e-05,1354.5122392702392
9.18156040099988e-05,1362.7766565082532
9.239669271161261e-05,1371.0914084393255
9.298145904605126e-05,1379.456800238775
9.356992628856205e-05,1387.87313883551
9.416211786169811e-05,1396.3407325964622
9.475805733625085e-05,1404.8598916102228
9.535776843218797e-05,1413.4309278197284
9.596127501959779e-05,1422.0541550332136
9.656860111963923e-05,1430.729888935099
9.717977090549788e-05,1439.458447097098
9.779480870334816e-05,1448.2401489892595
9.841373899332164e-05,1457.0753159911078
9.903658641048136e-05,1465.9642714029092
9.96633757458024e-05,1474.907340456912
0.00010029413194715864,1483.9048503287167
0.00010092888012031568,1492.9571301486571
0.00010156764552993015,1502.0645110132975
0.0001022104536005554,1511.2273259969816
0.00010285732991765326,1520.4459101637608
0.00010350830022861261,1529.7206006346455
0.00010416339044377417,1539.0517366617153
0.00010482262663746156,1548.4396595405578
0.00010548603504901955,1557.8847126078929
0.00010615364208385805,1567.3872412536157
0.00010682547431450336,1576.947592932806
0.00010750155848165572,1586.5661171780084
0.00010818192149525375,1596.2431656113426
0.00010886659043554538,1605.979091956847
0.00010955559255416588,1615.774252052802
0.00011024895527522252,1625.6290038642553
0.00011094670619638596,1635.5437074954316
0.000111648873089989,1645.5187252023375
0.00011235548390413164,1655.554421405452
0.0001130665667637938,1665.6511627024258
0.00011378214997195468,1675.8093178556123
0.00011450226201071912,1686.0292572892297
0.00011522693154245148,1696.311353108829
0.00011595618741091644,1706.65597960103
0.00011669005864242692,1717.0635132667298
0.00011742857444699952,1727.5343328338047
0.0001181717642195172,1738.068819269988
0.00011891965754089916,1748.6673557957115
0.00011967228417927836,1759.330327897127
0.00012042967409118612,1770.0581233390762
0.00012119185742274488,1780.85113217826
0.00012195886451086772,1791.7097467763688
0.00012273072588446596,1802.6343618133772
0.0001235074722656645,1813.6253743008303
0.0001242891345710243,1824.6831835952823
0.00012507574391277314,1835.8081914117188
0.000125867331600044,1847.0008018681804
0.00012666392914012113,1858.2614216937811
0.0001274655682396942,1869.590460122296
0.00012827228080612032,1880.9883288097828
0.00012908409894869387,1892.4554418481464
0.00012990105497992483,1903.9922157792464
0.0001307231814168247,1915.5990696089536
0.00013155051098220067,1927.2764248214385
0.0001323830766059584,1939.0247053934347
0.00013322091142641245,1950.844337808616
0.0001340640487916053,1962.7357510721008
0.00013491252226063475,1974.699376724876
0.0001357663656049898,1986.735648858515
0.00013662561280989452,1998.8450041298877
0.0001374902980756609,2011.027881775852
0.00013836045581905036,2023.284723627942
0.00013923612067464315,2035.6159737973624
0.0001401173274962174,2048.0220780233217
0.00014100411135813595,2060.5034844684137
0.00014189650755674273,2073.060643913146
0.0001427945516117674,2085.694009770684
0.00014369827926773935,2098.4040381015716
0.0001446077264954103,2111.191187628702
0.00014552292949318604,2124.055919752206
0.00014644392468856723,2136.998698564464
0.00014737074873959934,2150.0199908653
0.00014830343853633173,2163.1202661771035
0.00014924203120228588,2176.2999967601004
0.00015018656409593323,2189.5596576277603
0.0001511370748121818,2202.8997265621774
0.00015209360118387298,2216.32068412958
0.00015305618128328699,2229.823013692407
0.0001540248534236585,2243.4072012809575
0.0001549996561607016,2257.0737355555198
0.00015598062829414415,2270.8231080010914
0.00015696780886927247,2284.6558129566297
0.00015796123717848535,2298.572347630902
0.00015896095276285763,2312.57321211846
0.0001599669954137147,2326.6589094156657
0.00016097940517421572,2340.829945436845
0.00016199822234094755,2355.086829030456
0.00016302348746552917,2369.430071995442
0.00016405524135622488,2383.860189097534
0.00016509352507956942,2398.377698085774
0.00016613837996200183,2412.9831197090234
0.0001671898475915109,2427.6769777326167
0.0001682479698192902,2442.459798955102
0.0001693127887614038,2457.3321131792163
0.00017038434680046285,2472.2944527673512
0.00017146268658731228,2487.3473528369223
0.00017254785104272864,2502.4913515802086
0.00017363988335912823,2517.726990285895
0.00017473882700228652,2533.054813355791
0.00017584472571306796,2548.4753683220038
0.00017695762350916711,2563.9892058639466
0.00017807756468686068,2579.596879825549
0.00017920459382277055,2595.298947232462
0.0001803387557756382,2611.095968309461
0.00018148009568810992,2626.988506497887
0.000182628658988534,2642.9771284730855
0.0001837844913927684,2659.0624041621304
0.00018494763890600097,2675.2449067614225
0.00018611814782458,2691.525212754528
0.0001872960647378573,2707.903901567772
0.00018848143653004247,2724.3815543625337
0.00018967431038206887,2740.9587551636764
0.00019087473377347205,2757.636091296689
0.00019208275448427876,2774.414153404957
0.0001932984205969094,2791.2935354673655
0.00019452178049809155,2808.2748348156697
0.000195752882880786,2825.3586521521474
0.00019699177674612465,2842.545591567244
0.0001982385114053612,2859.8362605573725
0.00019949313648183348,2877.2312700427506
0.00020075570191293888,2894.7312343852604
0.00020202625795212207,2912.33677140652
0.00020330485517087489,2930.0485024059385
0.0002045915444607494,2947.8670521788754
0.00020588637703538356,2965.793049031422
0.0002071894044325396,2983.82712442859
0.0002085006785161553,3001.9699126762334
0.00020982025147840857,3020.2220515462673
0.00021114817584179447,3038.58418236997
0.00021248450446121597,3057.056950056372
0.0002138292905260876,3075.6410031104792
0.00021518258756245267,3094.3369936517124
0.00021654444943511376,3113.1455774323567
0.00021791493034977637,3132.067413856272
0.00021929408485520685,3151.1031659973087
0.00022068196784540332,3170.25350061823
0.0002220786345617808,3189.519088189396
0.00022348414059536977,3208.9006029077227
0.00022489854188902892,3228.398722715685
0.00022632189473967184,3248.014129320245
0.0002277542558005077,3267.7475081689504
0.00022919568208329644,3287.599547733106
0.0002306462309606176,3307.570939610013
0.00023210596016815432,3327.6623791795955
0.00023357492780699108,3347.874565644977
0.00023505319234592628,3368.2082020516655
0.00023654081262379967,3388.6639953063727
0.0002380378478518342,3409.242656196399
0.00023954435761599263,3429.944899408724
0.00024106040187934924,3450.771443549248
0.00024258604098447692,3471.7230111623207
0.0002441213356558484,3492.8003287501474
0.00024566634700225334,3514.004126792213
0.0002472211365192313,3535.335139764976
0.0002487857660915184,3556.794106161666
0.0002503602979955112,3578.381768511779
0.00025194479490174527,3600.0988729042865
0.0002535393198773896,3621.9461663120105
0.00025514393638875673,3643.924398460704
0.00025675870830382943,3666.034323068312
0.0002583836998948019,3688.2766978661175
0.00026001897584063875,3710.6522846171474
0.0002616646012296493,3733.1618491346976
0.00026332064156207754,3755.8061613008986
0.00026498716275271045,3778.5859950851486
0.0002666642311335003,3801.502128562925
0.00026835191345620586,3824.5553439343935
0.00027005027689504853,3847.7464275432167
0.0002717593890493868,3871.0761698953097
0.0002734793179464059,3894.5453656778695
0.0002752101320438266,3918.154813778094
0.0002769519002326292,3941.905317302403
0.00027870469183979564,3965.797683601518
0.0002804685766310695,3989.832724300261
0.00028224362481373206,4014.0112553031377
0.0002840299070393974,4038.334096811024
0.00028582749440682386,4062.8020733403578
0.0002876364584647448,4087.416013742584
0.00028945687121471555,4112.176751223506
0.0002912888051139799,4137.085123362835
0.00029313233307835384,4162.141972133531
0.0002949875284851277,4187.348143921698
0.0002968544651759871,4212.704489545921
0.00029873321745995166,4238.211864277136
0.00030062386011633295,4263.871127858352
0.0003025264683977107,4289.683144524476
0.0003044411180329284,4315.648783022147
0.00030636788523010687,4341.768916516013
0.00030830684667967857,4368.04441897277
0.00031025807955743903,4394.476164312804
0.00031222166152761904,4421.065030574598
0.00031419767074597607,4447.811900194775
0.00031618618586290524,4474.717660024931
0.00031818728602656896,4501.783201348923
0.00032020105088604813,4529.009419899865
0.00032222756059451207,4556.397215877174
0.0003242668958124088,4583.947493963814
0.00032631913771067526,4611.661163343377
0.0003283843679739689,4639.539137717287
0.00033046266880391807,4667.582335321966
0.00033255412292239426,4695.7916789459805
0.0003346588135748049,4724.168095947372
0.0003367768245334065,4752.712518270888
0.0003389082401006386,4781.425882484334
0.00034105314511248,4810.309129963332
0.0003432116249418251,4839.363206831208
0.00034538376550188155,4868.58906387561
0.00034756965324959075,4897.987656565032
0.000349769375189068,4927.559945066092
0.0003519830188750667,4957.306894261088
0.0003542106724164619,4987.229473765474
0.00035645242447975847,5017.328657945183
0.0003587083642926194,5047.605425934255
0.00036097858164741776,5078.060761652368
0.0003632631669048109,5108.695653822232
0.00036556221099733613,5139.511095987095
0.0003678758054330313,5170.508086528461
0.00037020404229907555,5201.687628683462
0.0003725470142654564,5233.0507305624415
0.00037490481458865674,5264.5984034835765
0.0003772775371153676,5296.331657115543
0.00037966527628622285,5328.2515042773675
0.00038206812713955903,5360.358962492348
0.0003844861853151973,5392.655054002204
0.0003869195470582504,5425.140805781001
0.00038936830922295374,5457.817249549269
0.00039183256927652034,5490.685421788
0.00039431242530302,5523.746363752596
0.0003968079760072832,5557.001121486653
0.00039931932071883086,5590.450745835969
0.0004018465593958269,5624.0962924622545
0.00040438979262905647,5657.938821857138
0.0004069491216459316,5691.979399355657
0.00040952464831451766,5726.219095150178
0.0004121164751475909,5760.658984287682
0.000414724705306716,5795.3001454796
0.0004173494426063541,5830.143660248588
0.00041999079151799386,5865.190614751868
0.0004226488571743104,5900.4420999862305
0.00042532374537334927,5935.8992118001925
0.00042801556258273773,5971.563050906329
0.0004307244159439227,6007.434722893056
0.0004334504132764344,6043.515338236887
0.0004361936630821792,6079.80601231426
0.000438954274549757,6116.307865413399
0.0004417323575588081,6153.022022746066
0.00044452802268438624,6189.949614459598
0.00044734138120135995,6227.091775648041
0.0004501725450888415,6264.449646364315
0.00045302162703464416,6302.024371631225
0.0004558887404397671,6339.81710112267
0.00045877399942290944,6377.828984431613
0.0004616775188250124,6416.061172055578
0.00046459941421382974,6454.514819175697
0.0004675398018885288,6493.191085767022
0.0004704987988843181,6532.091136606628
0.00047347652297710706,6571.216141281139
0.0004764730926881925,6610.567274193941
0.000479488627288977,6650.14571457285
0.0004825232468057162,6689.952646477158
0.0004855770720242953,6729.989258804852
0.0004886502244950377,6770.256745299344
0.0004917428265375422,6810.756304556665
0.0004948550012455523,6851.489140031932
0.0004979868724918553,6892.456460046024
0.000501138564933213,6933.659477792078
0.0005043102040153231,6975.099410443566
0.000507501915977812,7016.777474949968
0.00051071382785926,7058.69489121831
0.0005139460675022583,7100.852883862302
0.000517198763558496,7143.252682207247
0.0005204720454938818,7185.895520292788
0.0005237660435936968,7228.782636875968
0.0005270808889677808,7271.915275433408
0.0005304167135557492,7315.294684164109
0.0005337736501322464,7358.922115991168
0.0005371518323122301,7402.798828564357
0.0005405513945562881,7446.926084261449
0.0005439724721759925,7491.305150190389
0.0005474152013392833,7535.937298190231
0.00055087971907589,7580.823804832906
0.0005543661632827847,7625.965951411642
0.0005578746727296705,7671.365020394611
0.000561405387064506,7717.022290405162
0.0005649584468190636,7762.939043274683
0.0005685339934145212,7809.116565248581
0.0005721321691670931,7855.556146982341
0.0005757531172936949,7902.259083536242
0.0005793969819176411,7949.226674371035
0.0005830639080743843,7996.460223342242
0.000586754041717288,8043.961038695101
0.0005904675297234336,8091.730433058666
0.0005942045198994688,8139.769723439939
0.0005979651609874892,8188.080231217624
0.0006017496026709603,8236.663282135696
0.0006055579955806732,8285.520206296485
0.0006093904913007418,8334.652338153946
0.0006132472423746348,8384.061016280268
0.0006171284023112502,8433.747577520926
0.0006210341255910207,8483.713356303138
0.0006249645676720662,8533.9596907358
0.0006289198849963812,8584.487922920449
0.0006329002349960593,8635.299398938423
0.0006369057760995617,8686.39546883695
0.000640936667738021,8737.777486615803
0.0006449930703515899,8789.446810212801
0.0006490751453958241,8841.404801489582
0.0006531830553481101,8893.65282621671
0.0006573169637141328,8946.192254058387
0.0006614770350343823,8999.024458557204
0.0006656634348907032,9052.150817118145
0.0006698763299128857,9105.572710992456
0.0006741158877852981,9159.29152526094
0.0006783822772535604,9213.308647373027
0.0006826756681312606,9267.625456344063
0.000686996231306715,9322.243328515196
0.0006913441387497694,9377.163643470949
0.0006957195635186427,9432.387784058736
0.0007001226797668169,9487.917136363822
0.0007045536627499683,9543.7530896832
0.0007090126888329425,9599.897036499795
0.0007134999354967752,9656.350372455603
0.0007180155813457551,9713.114496324562
0.0007225598061145346,9770.190809985517
0.0007271327906752819,9827.580718393605
0.0007317347170448811,9885.28562955227
0.0007363657683921776,9943.306954484247
0.0007410261290452674,10001.646107202389
0.0007457159844988339,10060.304504679025
0.0007504355214215326,10119.283561839797
0.0007551849276634197,10178.584679265652
0.0007599643922634287,10238.20925620469
0.000764774105456896,10298.158694128504
0.000769614258683132,10358.434396691564
0.0007744850445930406,10419.037769690734
0.0007793866570567875,10479.97022102296
0.0007843192911715171,10541.233160643773
0.000789283143269118,10602.82800052437
0.000794278410924036,10664.756154608423
0.0007993052929611402,10727.01903876797
0.0008043639894636346,10789.618070759389
0.0008094547017810249,10852.554670178562
0.0008145776325371292,10915.830258414688
0.0008197329856381453,10979.446258604736
0.0008249209662807667,11043.404095408512
0.000830141780960349,11107.705185148707
0.0008353956374791284,11172.350930366863
0.0008406827449544948,11237.34273330648
0.0008460033138273145,11302.681997089634
0.0008513575558703049,11368.370125658688
0.0008567456841964645,11434.408523717571
0.0008621679132675574,11500.798596672745
0.0008676244589026453,11567.54175057249
0.0008731155382866814,11634.63939204659
0.0008786413699791523,11702.09292824493
0.0008842021739227799,11769.903766775087
0.0008897981714522734,11838.073315639544
0.0008954295853031389,11906.60298317238
0.000901096639620548,11975.494177974955
0.0009067995599682552,12044.748308850743
0.0009125385733375794,12114.366783421172
0.0009183139081564348,12184.350992002155
0.0009241257942984288,12254.702312234778
0.0009299744630920061,12325.422120720716
0.0009358601473296576,12396.511793193624
0.000941783081277188,12467.972704440528
0.00094774350068304,12539.806228222003
0.0009537416427876749,12612.013737192605
0.0009597777463330167,12684.59660281851
0.0009658520515719577,12757.556195297047
0.0009719648002779168,12830.893883472883
0.000978116235754465,12904.611034755064
0.000984306602845009,12978.709015032491
0.0009905361479425373,13053.189188588924
0.0009968051189994263,13128.052918017
0.0010031137655373097,13203.301564131356
0.0010094623386570107,13278.9364807386
0.0010158510910485362,13354.95899374652
0.001022280277001134,13431.370418216891
0.0010287501524134143,13508.172066171304
0.0010352609748035364,13585.365246491756
0.0010418130033194575,13662.95126481624
0.0010484064987492468,13740.931423435695
0.0010550417235314668,13819.307021188552
0.0010617189417656192,13898.079353354551
0.0010684384192226558,13977.249711548213
0.001075200423355556,14056.819383610575
0.0010820052233099762,14136.789653500984
0.0010888530899349571,14217.161801187332
0.0010957442957937084,14297.937102535167
0.0011026791151744545,14379.116829196539
0.0011096578241013555,14460.702248436528
0.0011166807003454896,14542.694612527079
0.0011237480234359116,14625.095146405873
0.0011308600746707796,14707.90506669052
0.0011380171371285484,14791.125584384752
0.0011452194956792397,14874.757904751752
0.001152467436995778,14958.80322718548
0.0011597612495654057,15043.262745082153
0.0011671012237011588,15128.13764570928
0.0011744876515534278,15213.429110075347
0.0011819208271215838,15299.138312797428
0.0011894010462656804,15385.26642196812
0.0011969286067182302,15471.814599021145
0.0012045038080960538,15558.783998597251
0.0012121269519122096,15646.175768407078
0.0012197983415879893,15733.991049095206
0.001227518282464998,15822.230972928048
0.001235287081817307,15910.89663876852
0.0012431050488636857,15999.98911181126
0.0012509724947799056,16089.509447365966
0.0012588897327111296,16179.458691748416
0.0012668570777843744,16269.837882123547
0.0012748748471210528,16360.648046347167
0.001282943359849597,16451.890202806222
0.0012910629371181604,16543.56536025841
0.0012992339021074013,16635.674517670806
0.0013074565800433435,16728.21866405737
0.0013157312982103235,16821.198778315327
0.0013240583859640176,16914.615829060644
0.0013324381747445487,17008.47077446256
0.0013408709980896815,17102.76456207691
0.0013493571916480948,17197.498128678835
0.001357897093192746,17292.672396761234
0.001366491042634309,17388.288252880233
0.0013751393820347088,17484.34656053909
0.0013838424556207364,17580.848170853267
0.0013926006097977443,17677.793922418863
0.0014014141931634415,17775.184641129777
0.0014102835565217636,17873.021139992426
0.0014192090528968376,17971.304218940975
0.001428191037547035,18070.034664650477
0.0014372298679791071,18169.21325034949
0.0014463259039624195,18268.840735631344
0.0014554795075432704,18368.91786626568
0.0014646910430593002,18469.445374006973
0.0014739608771539923,18570.4239764039
0.0014832893787912703,18671.854376607094
0.0014926769192701796,18773.737263168576
0.0015021238722396678,18876.073297657833
0.0015116306137134563,18978.863089056336
0.001521197522085009,19082.10722296715
0.0015308249781425896,19185.806268373017
0.001540513365084421,19289.960777423745
0.001550263068533936,19394.57128522521
0.0015600744765551272,19499.638309625676
0.0015699479796679916,19605.16235100181
0.0015798839708640751,19711.143892044467
0.001589882845622116,19817.58339754216
0.0015999450019237832,19924.481314165143
0.0016100708402695197,20031.838070248195
0.0016202607636944804,20139.6540755724
0.0016305151777845789,20247.929721145767
0.0016408344906926249,20356.66537898411
0.001651219113154574,20465.861401476384
0.001661669458505876,20575.51810363523
0.001672185942697924,20685.635755929896
0.0016827689843146123,20796.214606270976
0.0016934190045889963,20907.254881499302
0.0017041364274200607,21018.756787151564
0.0017149216793895898,21130.720507225786
0.0017257751897791444,21243.14620394615
0.0017366973905871563,21356.034017526
0.0017476887165461129,21469.384065932787
0.0017587496051398675,21583.196444649235
0.001769880496621049,21697.4712264368
0.0017810818340285891,21812.20846109627
0.001792354063205352,21927.408175229575
0.0018036976328158804,22043.0703720001
0.0018151129943642591,22159.19503089242
0.0018266006022120771,22275.782104241487
0.0018381609135965215,22392.831483431117
0.0018497943886485687,22510.343011271372
0.0018615014904113068,22628.31650422276
0.0018732826848583584,22746.75175250329
0.001885138440912432,22865.6485198332
0.001897069230463984,22985.0065431782
0.001909075528390008,23104.825532494186
0.0019211578125729227,23225.105170470422
0.0019333165639196064,23345.845112272327
0.001945552266380532,23467.04498528578
0.001957865406969029,23588.704388859023
0.001970256475780669,23710.822894045337
0.0019827259660127735,23833.400043346526
0.0019952743739840473,23956.435350454536
0.0020079021991543248,24079.928299994397
0.0020206099441444567,24203.878338349157
0.002033398114756317,24328.28484239269
0.002046267219992928,24453.1471470899
0.002059217772078727,24578.464556070852
0.002072250286479949,24704.236341362997
0.0020853652819251486,24830.46174312216
0.0020985632804258448,24957.13996936495
0.0021118448072972927,25084.27019570028
0.002125210391179402,25211.851565061745
0.0021386605640577737,25339.88318744016
0.002152195861284873,25468.36413961683
0.002165816821601339,25597.293464895847
0.002179523987157431,25726.67017283925
0.002193317903534603,25856.493238999596
0.002207199119767221,25986.761604655625
0.0022211681883644164,26117.47417625745
0.0022352256653320785,26248.629792547326
0.002249372110194983,26380.227193546896
0.00226360808601906,26512.265074911527
0.0022779341594338152,26644.74209461444
0.0022923509006548713,26777.656872667005
0.002306858883506672,26911.00799084213
0.0023214586854453166,27044.79399239589
0.0023361508875815533,27179.013381793608
0.002350936074703895,27313.664624433175
0.002365814835301907,27448.746146372207
0.0023807877615896274,27584.256334054935
0.002395855449529136,27720.19353404141
0.0024110184988542773,27856.556052736047
0.0024262775130945305,27993.34215612
0.0024416330995990342,28130.550069482724
0.0024570858695607592,28268.177974219896
0.002472636438040832,28406.223955845795
0.002488285423993018,28544.686008905875
0.0025040334502883653,28683.56208246256
0.0025198811437399837,28822.850081450328
0.0025358291351279985,28962.547866402783
0.002551878059224664,29102.653253179247
0.002568028554819619,29243.164012695703
0.002584281264745317,29384.07787065629
0.0026006368359026127,29525.39250728703
0.0026170959192865126,29667.10555707197
0.00263365917001208,29809.21460849132
0.002650327247340513,29951.717203761997
0.002667100814705393,30094.61083858002
0.002683980539739076,30237.89296186611
0.002700967094299277,30381.560975512544
0.002718061154495809,30525.61221908397
0.0027352634007174956,30670.04388580696
0.002752574517659248,30814.853079335564
0.002769995194349318,30960.03685229611
0.002787526124176732,31105.592206134028
0.0028051680049188776,31251.516090859248
0.002822921538769282,31397.805404794337
0.0028407874323655635,31544.45699432632
0.0028587663968175567,31691.467653662286
0.002876859147735615,31838.834124587414
0.00289506640525909,31986.553096227257
0.0029133888940850038,32134.621204813484
0.0029318273434968864,32283.035033452972
0.0029503824873938103,32431.791111901435
0.0029690550643195895,32580.885916339525
0.0029878458174921927,32730.31586912157
0.003006755494833309,32880.07731770299
0.0030257848489981263,33030.16649796678
0.0030449346374052844,33180.579580329584
0.003064205622267031,33331.3126789733
0.003083598570619545,33482.36185163924
0.0031031142543534807,33633.72309942582
0.003122753450244684,33785.392366590706
0.0031425169399851107,33937.36554035926
0.0031624055102139406,34089.63845073546
0.003182419952548888,34242.20687031997
0.0032025610636177114,34395.0665141313
0.003222829645089918,34548.21303943542
0.003243226503708676,34701.64204557467
0.0032637524513229204,34855.34907380927
0.003284408304919674,35009.329607158295
0.0033051948866565594,35163.579064117584
0.003326113023894524,35318.09259402306
0.0033471635492307735,35472.86502477649
0.003368347300531912,35627.89110124593
0.003389665120967285,35783.16550070796
0.0034111178590425454,35938.68283269346
0.003432706368633429,36094.437638839016
0.003454431509019735,36250.42439274647
0.003476294144919525,36406.6374998516
0.003498295146523556,36563.07129729798
0.003520435389529895,36719.720053821264
0.003542715755178793,36876.57796964013
0.0035651371302877484,37033.63917635674
0.003587700407286813,37190.897736862826
0.0036104064842541056,37348.34764525801
0.0036332562649515647,37505.982826774205
0.003656250658860916,37663.79718512052
0.003679390581219873,37821.785024380646
0.003702676953058567,37979.94085567765
0.003726110701236205,38138.25913726689
0.0037496927584779673,38296.73427149311
0.0037734240634121176,38455.36060479773
0.0037973055606073816,38614.132427733595
0.003821338200610535,38773.04397498613
0.0038455229399842255,38932.089425403035
0.003869860741345072,39091.26290202903
0.0038943525734019594,39250.5584721483
0.003918999410994596,39409.97014733493
0.003943802235132332,39569.49188351077
0.0039687620330331914,39729.11758100898
0.003993879798163158,39888.84108464645
0.004019156530275748,40048.65618380306
0.004044593235451767,40208.556126822565
0.004070190926139382,40368.53217821278
0.0040959506211944085,40528.57503433541
0.00412187334592086,40688.67529077079
0.004147960132111763,40848.8234424039
0.0041742120180902325,41009.00988352713
0.004200630048750778,41169.22490796748
0.0042272152756009165,41329.45870922964
0.00425396875680302,41489.701380660605
0.0042808915572164095,41649.94291563661
0.004307984748439781,41810.173207768
0.004335249408853828,41970.382051127
0.00436268662366416,42130.559140496254
0.004390297484944525,42290.69407163913
0.004418083091680247,42450.776341591045
0.004446044549811989,42610.79535584652
0.004474182972279766,42770.740971273095
0.004502499479067234,42930.60389900495
0.00453099519724628,43090.374868085295
0.004559671261021884,43250.04453431521
0.0045885288117772476,43409.60348063391
0.00461756899811924,43569.04221751531
0.004646792975924115,43728.35118337967
0.0046762019083835,43887.52074502179
0.004705796966050722,44046.541198054496
0.004735579326887368,44205.40276736911
0.004765550176310199,44364.09560761131
0.004795710707238321,44522.609803675114
0.004826062120140651,44680.9353712098
0.0048566056230837295,44839.06225714855
0.004887342431779786,44996.9803402494
0.0049182737696351194,45154.679435442406
0.004949400867798815,45312.14935039295
0.0049807249652117375,45469.379874838494
0.005012247308655833,45626.36073553636
0.005043969152803769,45783.08159558285
0.005075891760268878,45939.53205505164
0.005108016401655385,46095.70165164625
0.005140344355609017,46251.57986137307
0.005172876908867864,46407.15609922829
0.00520561535631362,46562.41971990356
0.005238561001023119,46717.36001850777
0.005271715154320172,46871.9662313063
0.005305079135827802,47026.22753647742
0.0053386542735207486,47180.133054886224
0.0053724419037783164,47333.671850874605
0.005406443371437582,47486.83293307111
0.005440660029846922,47639.60502242504
0.005475093240919862,47791.9754363804
0.005509744375189308,47943.93093602748
0.005544614811862075,48095.45820348768
0.0055797059388738015,48246.54384360684
0.005615019152944192,48397.17438507123
0.005650555859632583,48547.33628155264
0.0056863174733939245,48697.01591288322
0.005722305417635068,48846.19958625641
0.005758521124771393,48994.87353745838
0.005794966036283868,49143.023932127806
0.005831641602776398,49290.63686704448
0.005868549284033551,49437.69837144524
0.005905690549078696,49584.19440837183
0.005943066876232451,49730.11087604512
0.005980679753171512,49875.4336085893
0.006018530676987905,50020.148160194825
0.006056621154248532,50164.23949201432
0.006094952701055167,50307.6924186239
0.006133526843104794,50450.4916877384
0.006172345115750311,50592.62198187407
0.0062114090640616754,50734.06792004522
0.006250720242887391,50874.814059496384
0.006290280216916367,51014.84489746664
0.00633009056074024,51154.14487298868
0.006370152858916027,51292.69836872265
0.006410468706029178,51430.48971282464
0.006451039706757082,51567.50318084629
0.006491867475932897,51703.7229976716
0.006532953638609862,51839.1333394879
0.006574299830125955,51973.71833578627
0.00661590769616898,52107.4620565635
0.006657778892842094,52240.3481168015
0.0066999150867297075,52372.35963008987
0.006742317954963806,52503.47963920166
0.0067849891852907376,52633.691141844174
0.006827930476138373,52762.97709302852
0.006871143536683684,52891.32040747492
0.006914630086920815,53018.70396206455
0.006958391857729524,53145.11059832088
0.007002430590944061,53270.52312493702
0.00704674803942253,53394.92432033843
0.0070913459671166235,53518.29693528013
0.007136226149141859,53640.62369548907
0.007181390371848231,53761.887304337695
0.007226840432891278,53882.07044555888
0.007272578141303689,54001.15578599394
0.007318605317567271,54119.12590430675
0.007364923793685402,54235.962727907914
0.0074115354132559775,54351.647842686536
0.007458442031544794,54466.16281770311
0.007505645515559339,54579.489210954445
0.007553147744123182,54691.60857257488
0.007600950607950678,54802.50244808383
0.007649056009722291,54912.15238167255
0.0076974658641602925,55020.539919530565
0.00774618209810495,55127.64661321351
0.007795206650591273,55233.45402305167
0.007844541472926162,55337.94372159624
0.007894188528766055,55441.09729710492
0.007944149794195136,55542.89635706708
0.007994427257803957,55643.32253176497
0.008045022920768578,55742.357477842874
0.008095938796930258,55839.98250641486
0.008147176912875566,55936.1776426632
0.00819873930801708,56030.92264922402
0.008250628034674556,56124.19731699248
0.008302845158156588,56215.98146942909
0.008355392756842838,56306.25496691591
0.008408272922266778,56394.997711158256
0.008461487759198878,56482.18964963127
0.008515039385730441,56567.81078007186
0.008568929933357903,56651.8411550112
0.008623161547067616,56734.26088635368
0.008677736385421294,56815.050149992494
0.008732656620641908,56894.18919047093
0.008787924438700101,56971.6583256782
0.00884354203940127,57047.43795158842
0.008899511636473054,57121.50853759252
0.008955835457653513,57193.85008388813
0.009012515744779744,57264.44182210878
0.009069554753877121,57333.26300129552
0.009126954755249128,57400.292966152825
0.009184718033567683,57465.5111624716
0.00924284688796408,57528.89714259335
0.009301343632120521,57590.43057091332
0.009360210594362192,57650.09122941974
0.009419450117749929,57707.85902327264
0.009479064560173502,57763.71398641209
0.009539056294445427,57817.63628720368
0.00959942770839546,57869.6062341146
0.009660181204965607,57919.60428141725
0.009721319202305753,57967.61103492439
0.009782844133869952,58013.60725774725
0.009844758448513267,58057.573806141234
0.009907064610589213,58099.4907628709
0.00996976510004789,58139.337707146624
0.010032862412534675,58177.09437987623
0.010096359059489524,58212.740704825024
0.010160257568246992,58246.25679512516
0.010224560482136791,58277.622959814325
0.010289270360585004,58306.819710391486
0.010354389779216013,58333.82776739381
0.010419921329954954,58358.62806699401
0.010485867621130924,58381.201767607985
0.010552231277580803,58401.53025651854
0.010619014940753672,58419.59515650741
0.010686221268816035,58435.37833249752
0.010753852936757558,58448.86189819576
0.01082191263649754,58460.02822274472
0.01089040307699211,58468.85975516775
0.010959326984342016,58475.33828166097
0.011028687101901103,58479.44556664276
0.011098486190385575,58481.16365655791
0.0111687270279838,58480.474887207696
0.011239412410466967,58477.361890953114
0.011310545151300316,58471.80760390306
0.011382128081755113,58463.79527309598
0.011454164051021388,58453.30846366158
0.011526655926321312,58440.3310659702
0.011599606593023292,58424.84730275399
0.011673018954756883,58406.841736210336
0.011746895933528324,58386.29927507134
0.0118212404698368,58363.205181646204
0.01189605552279156,58337.545078824936
0.011971344070229664,58309.30495663187
0.012047109108834476,58278.47110168119
0.012123353654255,58245.03001319514
0.012200080741225836,58208.968557092965
0.012277293423688067,58170.27399506549
0.012354994774910746,58128.93399142289
0.0124331878876132,58084.936619884975
0.012511875874088203,58038.27037030433
0.012591061866325816,57988.92415533195
0.012670749016138008,57936.88731700546
0.012750940495284187,57882.14963327043
0.012831639495597392,57824.70132442156
0.012912849229111324,57764.53305946353
0.012994572928188251,57701.63596238855
0.013076813845647598,57636.00161836558
0.01315957525489547,57567.62207983731
0.013242860450054936,57496.48989533758
0.013326672746097085,57422.598613482965
0.013411015478973056,57345.94278357708
0.01349589200574677,57266.51746192797
0.013581305704728534,57184.3181944027
0.013667259975609556,57099.34102136725
0.013753758239597248,57011.58248250603
0.013840803939551328,56921.03962151778
0.013928400540120974,56827.7099906878
0.014016551527882651,56731.59165532648
0.014105260411478871,56632.683198077466
0.014194530721757925,56530.98372309064
0.01428436601191432,56426.49286004974
0.0143747698576303,56319.21076806408
0.014465745857218113,56209.13813940883
0.014557297631763208,56096.27620311949
0.014649428825268457,55980.627090784765
0.014742143104799118,55862.19621119682
0.014835444160628788,55740.99074234903
0.014929335706386356,55617.01837860634
0.015023821479203756,55490.28732484207
0.015118905239864708,55360.80629692992
0.015214590772954477,55228.584522073725
0.015310881887010406,55093.631738978576
0.015407782414673608,54955.95819786231
0.01550529621284147,54815.57466030395
0.015603427162821124,54672.49239893018
0.015702179170484016,54526.72319693576
0.01580155616642134,54378.27934744278
0.015901562106100425,54227.173652689446
0.016002200970022272,54073.41942305482
0.01610347676387994,53917.0304767368
0.01620539351871795,53758.02289684615
0.0163079552910928,53596.41871258964
0.016411166163234365,53432.241424130414
0.01651503024320843,53265.51492676762
0.01661955166508019,53096.26350505492
0.016724734589078735,52924.51182681133
0.01683058320176274,52750.28493703004
0.016937101716187054,52573.60825168504
0.017044294372070334,52394.50755144051
0.0171521654359639,52213.00897525898
0.01726071920142151,52029.13901391904
0.017369959989170194,51842.9245034396
0.017479892147282346,51654.39261841106
0.017590520051348726,51463.57086524337
0.01770184810465256,51270.48707532394
0.017813880738344955,51075.169516440335
0.017926622411621098,50877.65209555123
0.018040077611897888,50677.976299026705
0.018154250854992487,50476.18424439952
0.018269146685302,50272.31811972238
0.01838476967598447,50066.42017097856
0.01850112442914085,49858.53268961742
0.018618215575998125,49648.69800021412
0.018736047777093746,49436.958448261576
0.018854625722461077,49223.35638809658
0.01897395413181604,49007.934170964494
0.019094037754745063,48790.73413322382
0.019214881370894023,48571.79858469782
0.01933648979015857,48351.16979716999
0.019458867852875546,48128.889993036726
0.019582020430015588,47905.00133410666
0.01970595242337712,47679.54687240336
0.019830668765781368,47452.580688555216
0.019956174421268704,47224.16368334615
0.02008247438529628,46994.35639668169
0.020209573684936834,46763.218870913406
0.02033747737907872,46530.810635595255
0.020466190558627383,46297.19069281743
0.02059571834670793,46062.41750311599
0.020726065898868978,45826.548971953234
0.020857238403288,45589.64243676638
0.02098924108097768,45351.75465457933
0.021122079185993858,45112.94179017503
0.02125575800564456,44873.259404817305
0.02139028286070048,44632.76244552898
0.02152565910560676,44391.50523490592
0.021661892128696136,44149.541461474335
0.021798987352403328,43906.927066659446
0.02193695023348096,43663.73034507477
0.022075786263216747,43420.02225969068
0.022215500967651933,43175.87266541948
0.02235609990780145,42931.35030022799
0.02249758867987507,42686.522777514256
0.022639972915500264,42441.45657948443
0.02278325828194634,42196.21705150437
0.022927450482349936,41950.86839740767
0.02307255525594215,41705.47367573124
0.023218578378276875,41460.09479686179
0.023365525661460693,41214.7925210684
0.023513402954384255,40969.626457392864
0.023662216142955102,40724.65506338542
0.023811971150331807,40479.93564565006
0.023962673937159895,40235.52443290343
0.02411433050180901,39991.485187121034
0.02426694688061164,39747.89710303948
0.024420529148103456,39504.83953295992
0.024575083417265012,39262.39002598433
0.02473061583976515,39020.62433783972
0.024887132606205804,38779.61644218795
0.02504463994636832,38539.43854336351
0.025203144129461574,38300.16109047925
0.02536265146437145,38061.8527928488
0.02552316829991184,37824.58063666352
0.02568470102507749,37588.4099028761
0.025847256069298257,37353.40418623039
0.026010839902694934,37119.625415390685
0.026175459036336928,36887.13387411337
0.026341120022501253,36655.98822341126
0.026507829454933463,36426.24501468788
0.026675593969110064,36197.94953766287
0.026844420242502522,35971.13711949674
0.027014314994843216,35745.84172375613
0.027185284988392806,35522.09628295229
0.027357337028209316,35299.9327166962
0.02753047796241916,35079.3819501193
0.027704714682489626,34860.47393253755
0.02788005412350309,34643.237656340134
0.028056503264433257,34427.701176085255
0.02823406912842276,34213.891627786674
0.028412758783062746,34001.835248368974
0.02859257934067428,33791.55739528069
0.02877353795859124,33583.08256624653
0.028955641839445437,33376.434419142155
0.02913889823145312,33171.635791981
0.029323314428703503,32968.71325111529
0.02950889777144916,32767.722515859063
0.02969565564639817,32568.729935205807
0.029883595487008,32371.800043073825
0.030072724773781583,32176.995570804906
0.03026305103456492,31984.377498302
0.03045458184484671,31794.00510624318
0.030647324828059964,31605.936029310724
0.03084128765588532,31420.226310368664
0.03103647804855652,31236.930455533748
0.03123290377516764,31056.101490082772
0.031430572653982206,30877.79101514625
0.03162949255274464,30702.04926514104
0.03182967138899318,30528.92516589675
0.032031117130375104,30358.466393436564
0.03223383779496389,30190.711396956496
0.03243784145157837,30025.62193871935
0.03264313622010375,29863.11897075816
0.03284973027181503,29703.124624030326
0.03305763182970199,29545.5626011828
0.03326684916879672,29390.358128972704
0.03347739061650287,29237.43791250525
0.033689264552927034,29086.7300912256
0.03390247941121246,28938.16419661432
0.034117043677874645,28791.67111152856
0.034332965893139035,28647.18303113784
0.03455025465128107,28504.63342540732
0.03476891860096826,28363.957003078547
0.03498896644560424,28225.089677101485
0.03521040694367546,28087.968306691277
0.03543324890909962,27952.52980014644
0.03565750121157649,27818.7118671028
0.035883172776941044,27686.45332748225
0.03611027258751861,27555.69408279116
0.03633880968248249,27426.37508861305
0.03656879315821378,27298.43832834776
0.036800232168663176,27171.82678815706
0.037033135925715686,27046.484433086007
0.037267513699557046,26922.35618432396
0.03750337481904269,26799.387897575976
0.037740728672069214,26677.526342511428
0.037979584705948,26556.71911351734
0.038219952427781055,26436.90592018328
0.03846184140483972,26318.01035196853
0.03870526126494518,26199.955315793075
0.03895022169685194,26082.665036028968
0.039196732450633286,25966.065032697737
0.039444803338069365,25850.08210181459
0.039694444233037855,25734.644297816645
0.0399456650719069,25619.680918017097
0.04019847585393047,25505.12248902343
0.04045288664164655,25390.900755065228
0.04070890756127767,25276.94866817069
0.0409665488031337,25163.19960605021
0.04122582062201775,25049.57036966361
0.0414867333376342,24935.961548198626
0.04174929733499935,24822.274806441346
0.04201352306485508,24708.413669997168
0.04227942104408437,24594.28352991709
0.04254700185613037,24479.79165098652
0.042816276151417344,24364.847183541795
0.04308725464777461,24249.361178680472
0.04335994813086328,24133.246606727855
0.043634367454605485,24016.41837882195
0.04391052354161631,23898.792143815303
0.044188427383638616,23780.26436080002
0.04446809004198066,23660.71608730828
0.04474952264795604,23540.03070017852
0.04503273640332717,23418.094525225617
0.04531774258075072,23294.79689885892
0.04560455252422664,23170.030234742655
0.04589317764954954,23043.690095173384
0.046183629444762925,22915.675266837006
0.046475919470616765,22785.88784060136
0.04677005936102744,22654.233620821906
0.0470660608235407,22520.641250777287
0.04736393563979793,22385.07227364896
0.047663695666004965,22247.49320732928
0.04796535283340384,22107.872983073168
0.04826891914874794,21966.182989494573
0.048574406694779824,21822.39711574556
0.04888182763071195,21676.491793713605
0.04919119419271104,21528.446039078157
0.049502518694384635,21378.241491063203
0.04981581352727162,21225.867156767767
0.050131091161335295,21071.35892731189
0.050448364145459536,20914.77825724196
0.05076764510794856,20756.18737400721
0.05108894675702944,20595.64897594112
0.05141228188135782,20433.22619098023
0.051737663350527104,20268.982535345604
0.052065104115580685,20102.981872225697
0.05239461720952726,19935.28837049752
0.05272621574785985,19765.970253336804
0.05305991292907748,19595.13985434742
0.05339572203521088,19422.936318648728
0.05373365643235101,19249.49668131508
0.054073729571180805,19074.955289183505
0.054415954987511006,18899.44372239938
0.05476034630281867,18723.09072371321
0.05510691722478919,18546.022135356558
0.055455681547862234,18368.36085115509
0.05580665315378063,18190.238783222438
0.05615984601214281,18011.82026926203
0.056515274180958974,17833.271356259298
0.056872951807210685,17654.752813996
0.05723289312741368,17476.4201199865
0.0575951124681849,17298.42345803134
0.05795962424681233,17120.907729705283
0.05832644297182919,16944.012578097885
0.05869558324359132,16767.87451145093
0.05906705975485804,16592.633975497552
0.05944088729137738,16418.42835633512
0.05981708073247437,16245.389414280782
0.06019565505164319,16073.643370237316
0.060576625317143376,15903.311002317676
0.060960006692599496,15734.507751857856
0.061345814437604486,15567.343907809269
0.06173406390832745,15401.934847469223
0.06212477055812441,15238.411191369974
0.06251794993815378,15076.899930031144
0.06291361769799518,14917.52200168674
0.06331178958627215,14760.392490411443
0.06371248145127938,14605.62083298926
0.06411570924161324,14453.31103362212
0.06452148900680649,14303.561885631072
0.06492983689796744,14156.467197285132
0.06534076916842257,14012.113621519007
0.06575430217436336,13870.57641565492
0.06617045237549761,13731.925679336204
0.06658923633570428,13596.22789006286
0.06701067072369297,13463.546128390675
0.06743477231366742,13333.940304857195
0.06786155798599279,13207.4673883292
0.0682910447278681,13084.181635518524
0.06872324963400202,12964.133218130197
0.06915818990729315,12847.32898173566
0.0695958828595152,12733.731791216698
0.07003634591200573,12623.303532153168
0.07047959659635943,12516.00729109695
0.07092565255512631,12411.80736231256
0.07137453154251373,12310.669254687393
0.07182625142509287,12212.559698859206
0.0722808301825103,12117.446156108143
0.07273828590820314,12025.256421671584
0.07319863681011962,11935.850393176826
0.07366190121144361,11849.085434902347
0.07412809755132392,11764.823296698976
0.07459724438560827,11682.929874340036
0.07506936038758198,11603.274985291539
0.07554446434871094,11525.732159122883
0.07602257517938978,11450.176718629447
0.07650371190969457,11376.449804827978
0.07698789369014004,11304.360370370452
0.0774751397924422,11233.720723802948
0.07796546961028483,11164.347828595004
0.07845890266009209,11096.063097157108
0.07895545858180483,11028.69221386352
0.07945515713966243,10962.06498438828
0.07995801822298956,10896.012779511868
0.08046406184698787,10830.363583995928
0.08097330815353229,10764.948068638654
0.0814857774119732,10699.600955493106
0.08200149001994297,10634.160994311653
0.08252046650416776,10568.47096374523
0.0830427275212847,10502.377696214788
0.08356829385866414,10435.738713778608
0.08409718643523664,10368.441189876175
0.08462942630232621,10300.381949314859
0.08516503464448752,10231.461139025236
0.08570403278034977,10161.58231194882
0.08624644216346486,10090.652519726824
0.08679228438316118,10018.582526629263
0.08734158116540322,9945.304626209743
0.08789435437365635,9870.791283386465
0.08845062600975653,9795.021787371892
0.08901041821478668,9717.977577527305
0.08957375326995771,9639.6422844506
0.09014065359749512,9560.0017696649
0.09071114176153187,9479.051517743706
0.09128524046900617,9396.859274889151
0.09186297257056547,9313.531250319495
0.09244436106147608,9229.172174419527
0.09302942908253792,9143.884755237976
0.09361819992100624,9057.769580601618
0.09421069701151823,8970.925165213133
0.09480694393702543,8883.45125654623
0.09540696442973312,8795.448852555142
0.09601078237204448,8707.01641892828
0.09661842179751096,8618.249643612218
0.09722990689178937,8529.241391994803
0.09784526199360447,8440.083165502294
0.09846451159571709,8350.904568672298
0.09908768034589997,8261.875404386492
0.0997147930479179,8173.161127762454
0.10034587466251564,8084.920485290675
0.10098095030841125,7997.305586656994
0.10162004526329552,7910.461845267854
0.1022631849648385,7824.526448721265
0.10291039501170204,7739.629263705618
0.10356170116455812,7655.894196287985
0.10421712934711488,7573.4394045501585
0.10487670564714818,7492.377513204502
0.1055404563175396,7412.821807492227
0.10620840777732211,7334.898695402675
0.10688058661273084,7258.7323276094
0.10755701957826189,7184.441233643084
0.10823773359773708,7112.138682054063
0.10892275576537508,7041.922969484186
0.10961211334687077,6973.780064678087
0.11030583378047969,6907.630692747205
0.11100394467811037,6843.397492595092
0.11170647382642356,6781.00584693388
0.11241344918793826,6720.383783797702
0.11312489890214401,6661.46278484564
0.11384085128662189,6604.177708717001
0.1145613348381711,6548.465644378711
0.11528637823394294,6494.265752801592
0.11601601033258303,6441.518141034758
0.11675026017537912,6390.128409545148
0.11748915698741765,6339.959944261011
0.11823273017874676,6290.877509269746
0.11898100934554652,6242.74994299091
0.1197340242713076,6195.450154665409
0.12049180492801644,6148.858761473557
0.1212543814773478,6102.863615058248
0.12202178427186602,6057.355933859607
0.12279404385623276,6012.230056651609
0.12357119096842244,5967.383259731498
0.12435325654094644,5922.714921302561
0.12514027170208347,5878.126969444233
0.1259322677771192,5833.524304909585
0.12672927628959305,5788.814816371096
0.12753132896255212,5743.916683119186
0.12833845771981495,5698.7691671378925
0.12915069468724164,5653.316569027232
0.12996807219401219,5607.5053437387305
0.130790622773914,5561.285785151663
0.13161837916663657,5514.628824922556
0.13245137431907403,5467.518519736686
0.13328964138663765,5419.940305399677
0.13413321373457415,5371.88145068623
0.13498212493929504,5323.372243926473
0.13583640878971237,5274.509723683039
0.13669609928858323,5225.394139788907
0.13756123065386427,5176.122612595451
0.13843183732007266,5126.793095958235
0.13930795393965695,5077.5128522668765
0.1401896153843766,5028.3877983216325
0.14107685674668996,4979.519931761915
0.14196971334115027,4930.998149263526
0.14286822070581243,4882.864770420108
0.1437724146036468,4835.147817461607
0.14468233102396255,4787.874131228888
0.14559800618384086,4741.079115497869
0.14651947652957545,4694.8458047755985
0.1474467787381241,4649.269350813374
0.1483799497185682,4604.441048479857
0.14931902661358148,4560.437939467804
0.150264046800909,4517.291224968111
0.15121504789485457,4475.0199040956095
0.15217206774777756,4433.642015308316
0.1531351444516002,4393.157768500578
0.15410431633932356,4353.525322520214
0.15507962198655256,4314.69781873088
0.15606110021303263,4276.630346651776
0.15704879008419365,4239.29488913035
0.15804273091270576,4202.6831403763135
0.15904296226004372,4166.788091965715
0.1600495239380612,4131.597507005126
0.16106245601057623,4097.055740877953
0.1620817987949654,4063.0875142555337
0.16310759286376805,4029.619780099943
0.16413987904630223,3996.586879804013
0.16517869843028934,3963.9367099006786
0.16622409236348892,3931.620341666936
0.1672761024553455,3899.588752161188
0.16833477057864418,3867.778092836088
0.16940013887117694,3836.1169753192776
0.17047224973742076,3804.536385419533
0.17155114585022427,3772.9864592648696
0.17263687015250737,3741.4488218180254
0.17372946585897,3709.9088473268366
0.17482897645781165,3678.3613673467753
0.17593544571246328,3646.844118541349
0.17704891766332878,3615.406450915169
0.17816943662953744,3584.090321615133
0.1792970472107088,3552.867821549817
0.18043179428872744,3521.667354313391
0.18157372302952904,3490.423211338533
0.18272287888489905,3459.1924543353753
0.18387930759428048,3428.1666525444534
0.1850430551865956,3397.536655220744
0.18621416798207785,3367.3857121956366
0.18739269259411445,3337.6255410042186
0.1885786759311032,3308.1549990706226
0.18977216519831897,3278.916963591941
0.19097320789979172,3249.941971244053
0.19218185184019887,3221.2703074358888
0.19339814512676703,3192.933327773477
0.19462213617118676,3164.9442548219795
0.19585387369154,3137.3135061041958
0.1970934067142391,3110.0670291990755
0.1983407845759775,3083.263231486348
0.19959605692569457,3056.9619560787287
0.20085927372655063,3031.171019387156
0.20213048525791663,3005.815042257705
0.20340974211737495,2980.813715776456
0.20469709522273297,2956.104153879193
0.20599259581404983,2931.642606906523
0.2072962954556774,2907.3909232221326
0.2086082460383102,2883.355268696505
0.20992849978105207,2859.571951877122
0.21125710923349583,2836.0672571327345
0.21259412727781227,2812.810678489628
0.21393960713085672,2789.752161990699
0.2152936023462877,2766.851094958908
0.2166561668166968,2744.0881665398274
0.2180273547757544,2721.4478559674335
0.21940722080036984,2698.916446220373
0.22079581981286123,2676.482024631274
0.2221932070831428,2654.1467128348218
0.22359943823092568,2631.995721233276
0.22501456922792964,2610.141812240909
0.22643865640011207,2588.592472736812
0.2278717564299109,2567.1717103119145
0.22931392635849843,2545.7177091070025
0.23076522358805307,2524.327141020523
0.232225705884045,2503.2281373152427
0.2336954313775333,2482.522764984162
0.23517445856748057,2462.066946810453
0.23666284632308288,2441.7154221492187
0.2381606538861104,2421.5185351846894
0.23966794087326687,2401.615806522577
0.2411847672785619,2382.0552963416167
0.2427111934757001,2362.7529137498746
0.24424728022048245,2343.6303176682095
0.24579308865322483,2324.674034345875
0.2473486803011936,2305.891224835988
0.24891411708105143,2287.326926607667
0.25048946130132355,2269.0526806002244
0.2520747756648786,2251.064216803371
0.2536701232714222,2233.227527706422
0.2552755676200094,2215.4511823148046
0.25689117261157374,2197.85075011378
0.25851700255146787,2180.56240859897
0.26015312215202435,2163.4897303914104
0.261799596535133,2146.4312747482486
0.26345649123482984,2129.377307899891
0.2651238721999071,2112.4890620585174
0.26680180579653956,2095.838434402568
0.2684903588109232,2079.356930376525
0.27018959845193496,2062.984822669105
0.2718995923538092,2046.7074609928325
0.27362040857882697,2030.5301293509692
0.2753521156200262,2014.5037724286808
0.27709478240392976,1998.6761395755764
0.2788484782932857,1983.039271646792
0.28061327308983025,1967.5684975617569
0.282389237037065,1952.2341527334315
0.28417644082305454,1937.0150655403
0.28597495558323766,1921.957774870274
0.28778485290325967,1907.1230011828336
0.2896062048218232,1892.475570051747
0.2914390838335531,1877.9525360701384
0.2932835628918826,1863.5919969162833
0.29513971541195927,1849.4548765466689
0.2970076152735639,1835.4637868040863
0.29888733682405216,1821.5175079886208
0.30077895488131606,1807.690603735797
0.30268254473675854,1794.0750196483539
0.3045981821582915,1780.5700919391736
0.30652594339335376,1767.094277090528
0.30846590517194206,1753.8050588203105
0.3104181447096674,1740.7729620602456
0.31238273971082947,1727.7549440242456
0.31435976837150653,1714.6704657276127
0.31634930938266936,1701.7556443575663
0.31835144193331494,1689.0766787026128
0.32036624571361555,1676.5069072206338
0.3223938009180915,1664.0073623596857
0.32443418824880543,1651.6047292923647
0.3264874889185707,1639.3557025407415
0.3285537846541866,1627.2835256048675
0.33063315769968954,1615.2880488511637
0.33272569081962927,1603.3531549113884
0.33483146730235974,1591.6061383766428
0.3369505709633556,1580.0311076551995
0.3390830861485502,1568.5225577716742
0.34122909773768945,1557.0948903507467
0.34338869114771164,1545.7953741558447
0.34556195233614945,1534.6516221059892
0.3477489678045472,1523.6290367346623
0.34994982460190643,1512.6541836126105
0.35216461032815144,1501.7516450878175
0.3543934131376134,1490.9644928188116
0.35663632174254023,1480.2940828118471
0.35889342541662966,1469.698439646116
0.36116481399857914,1459.1398910322944
0.36345057789566265,1448.722335685019
0.36575080808733235,1438.4661719291714
0.36806559612883494,1428.2481677203923
0.3703950341548581,1418.078624212758
0.37273921488319933,1408.0161201478236
0.3750982316184535,1398.0847958543145
0.3774721782557267,1388.2625652604124
0.3798611492843776,1378.5192484312527
0.3822652397917728,1368.8664296088864
0.38468454546707526,1359.309822682977
0.38711916260505064,1349.8438740022743
0.389569188109904,1340.456536527461
0.39203471949913166,1331.1450484643988
0.39451585490740526,1321.9208914008927
0.3970126930904798,1312.8075846840654
0.3995253334291202,1303.7758100148385
0.40205387593305913,1294.788385212212
0.4045984212449792,1285.8563261245536
0.40715907064451534,1277.0154131154095
0.40973592605228776,1268.268006309344
0.41232909003396073,1259.5788337321628
0.41493866580432054,1250.9763350825435
0.4175647572313866,1242.4642454992809
0.4202074688405469,1234.0195083255044
0.42286690581871456,1225.6356034617215
0.4255431740185168,1217.3223975752865
0.42823637996251,1209.087270961584
0.43094663084741536,1200.9284353383769
0.43367403454838815,1192.8436815285795
0.43641869962331287,1184.8308475999147
0.4391807353171204,1176.8878178963328
0.4419602515661381,1169.0125221046371
0.444757359002468,1161.2031245206583
0.44757216895838575,1153.458598511704
0.4504047934707747,1145.7781298412215
0.453255345285584,1138.160916031132
0.45612393786231914,1130.6061661788071
0.4590106853785533,1123.1131007774654
0.46191570273447446,1115.6809515397515
0.4648391055574608,1108.3089612244755
0.46778101020667817,1100.9963834665168
0.4707415337777145,1093.742482609724
0.4737207941072421,1086.5465335427907
0.4767189097777034,1079.4078215381223
0.47973600012203366,1072.3256420935068
0.4827721852284125,1065.2993007766397
0.4858275859450392,1058.328113072385
0.488902323884945,1051.4114042327317
0.4919965214308365,1044.5485091294838
0.4951103017399617,1037.7387721094071
0.4982437887490141,1030.9815468520835
0.5013971071790688,1024.2761962301363
0.504570382540541,1017.6220921719816
0.507763741138185,1011.0186155269752
0.5109773100761233,1004.4651559329072
0.514211217262901,997.9611116857677
0.5174655914165792,991.505889611892
0.5207405620698611,985.0989049422105
0.5240362595752425,978.7395811887257
0.5273528151102036,972.4273500231697
0.5306903606824283,966.1616511576925
0.5340490291350624,959.941932227623
0.5374289541519957,953.7676486763081
0.5408302702631849,947.6382636418339
0.5442531128500122,941.5532478457584
0.5476976181506673,935.5120655978147
0.5511639232655737,929.5141170135232
0.5546521661628476,923.5587884547472
0.5581624856837841,917.6454761764736
0.5616950215483866,911.7735861889314
0.5652499143609304,905.9425341101073
0.5688273056155537,900.1517450212762
0.5724273377018921,894.4006533252859
0.5760501539107498,888.6887026076503
0.5796958984397951,883.015345500366
0.5833647163993053,877.380043548363
0.5870567538179438,871.7822670785677
0.5907721576485666,866.2214950714691
0.5945110757740755,860.6972150352038
0.5982736570133056,855.2089228820306
0.602060051126944,849.7561228071999
0.6058704088234934,844.3383271701239
0.6097048817652729,838.955056377792
0.6135636225744499,833.6058387704184
0.6174467848391172,828.2902105092646
0.621354523119406,823.0077154665241
0.6252869929536408,817.7579051173341
0.6292443508645233,812.5403384337178
0.6332267543653683,807.3545817806065
0.6372343619663731,802.2002088136693
0.6412673331809223,797.0768003791156
0.645325828531939,791.9839444152809
0.6494100095582781,786.921235856017
0.6535200388211488,781.8882765358508
0.6576560799105888,776.8846750968374
0.6618182974519785,771.9100468970743
0.6660068571125866,766.9640139208876
0.6702219256081684,762.0462046905524
0.6744636707096041,757.1562541793838
0.6787322612495702,752.2938024757882
0.6830278671292623,747.4584918338276
0.6873506593251617,742.6499699871594
0.6917008098958336,737.8678909474496
0.6960784919887786,733.1119149228019
0.7004838798473285,728.3817082374893
0.7049171488175745,723.6769432531406
0.7093784753553491,718.9972982911996
0.7138680370332549,714.342457556701
0.7183860125477228,709.7121110633012
0.7229325817261325,705.1059545595674
0.727507925533964,700.5236894564225
0.7321122260820088,695.9650227557852
0.7367456666336094,691.4296669803799
0.7414084316119568,686.9173401045933
0.746100706607436,682.4277654864459
0.7508226783850052,677.9606718006462
0.7555745348916326,673.5157929726151
0.7603564652637822,669.0928681135224
0.7651686598349327,664.6916414563359
0.7700113101431584,660.3118622927627
0.7748846089387568,655.953284911126
0.7797887501919119,651.6156685351664
0.7847239291004189,647.2987772636612
0.789690342097458,643.0023800109185
0.7946881868594055,638.7262504481022
0.799717662313704,634.4701669453269
0.8047789686467854,630.2339125145511
0.809872307312032,626.0172747531932
0.8149978810377961,621.8200457885425
0.8201558938354762,617.6420222227861
0.8253465510076262,613.483005078803
0.830570059156135,609.3427997465973
0.8358266261904452,605.2212159767622
0.8411164613358352,601.1180765209214
0.8464397751417374,597.0332269908819
0.8517967794901236,592.966518872886
0.8571876876039434,588.9178069518628
0.8626127140556009,584.8869492703668
0.8680720747755003,580.8738070878333
0.8735659870606453,576.8782448402588
0.8790946695832784,572.9001301002235
0.88465834239959,568.9393335372737
0.890257226958481,564.9957288786348
0.8958915461103684,561.0691928702687
0.9015615241160595,557.1596052382469
0.9072673866556834,553.2668486504267
0.9130093608376638,549.3908086784536
0.9187876752077628,545.5313737600255
0.9246025597581834,541.6884351614727
0.9304542459367136,537.8618869405832
0.9363429666559436,534.0516259097228
0.9422689563025411,530.2575515991894
0.9482324507465713,526.4795662208428
0.9542336873508883,522.7175746319508
0.96027290498059,518.9714842992892
0.9663503440125152,515.2412052634648
0.9724662463448158,511.5266501034478
0.9786208554065834,507.8277339013466
0.9848144161675466,504.1443742073415
0.9910471751478072,500.47649100487706
0.9973193804276616,496.8240066759983
1.003631281657478,493.1868459668981
1.0099831300676223,489.56493595363816
1.0163751784784658,485.9582060080658
1.0228076813104494,482.3665877638609
1.0292808945942025,478.79001508278947
1.0357950759807388,475.22842451809737
1.0423504847517155,471.6817798243751
1.0489473818297435,468.15008227295
1.055586029788778,464.6333362113834
1.0622666928645759,461.1315461396919
1.0689896369652003,457.6447166978008
1.075755129681612,454.1728526530741
1.0825634402983244,450.71595888792393
1.0894148398041104,447.2740403874849
1.096309600902796,443.8471022273801
1.1032479980241179,440.4351495615276
1.1102303073346367,437.03818761006215
1.1172568067487338,433.65622164731695
1.1243277759396804,430.2892569898816
1.1314434963507558,426.9372989847527
1.1386042512064587,423.6003529975516
1.1458103255237753,420.2784244008346
1.153062006123533,416.9715185624808
1.1603595816418035,413.67964083417775
1.1677033425413974,410.4027965399764
1.1750935811234324,407.14099096493646
1.182530591538954,403.8942293438752
1.1900146698006513,400.66251685018864
1.1975461137946437,397.4458585847704
1.205125223292326,394.24425956502085
1.2127522999623066,391.05772471395767
1.2204276473824198,387.88625884940353
1.2281515710517983,384.729866673288
1.2359243784030365,381.5885527610415
1.2437463788144363,378.4623215510669
1.251617883622306,375.35117733434447
1.2595392061333615,372.2551242441167
1.2675106616372,369.1741662456651
1.2755325674188387,366.1083071262208
1.2836052427713491,363.0575517300701
1.291729009008573,360.0219323025515
1.299904189477897,357.001506910248
1.3081311095731307,353.99633266920614
1.3164100967474652,351.0064645882925
1.3247414805264908,348.0319555840288
1.3331255925213243,345.0728564956122
1.3415627664418033,342.12921610013086
1.3500533381097763,339.20108112793616
1.3585976454724575,336.2884962782257
1.367196028615883,333.3915042347682
1.3758488297784557,330.51014568179835
1.3845563933645515,327.6444593200867
1.3933190659582375,324.7944818831453
1.4021371963370703,321.9602481535819
1.411011135485968,319.14179097962847
1.4199412366111828,316.33914129176264
1.4289278551543718,313.5523281194993
1.4379713488067263,310.7813786083008
1.4470720775232175,308.0263180366014
1.4562304035369311,305.28716983296374
1.4654466913734707,302.5639555933441
1.4747213078654728,299.85669509846133
1.4840546221672173,297.1654063312882
1.493447005769304,294.490105494612
1.5028988325134465,291.8308070287287
1.5124104786073622,289.1875236291873
1.521982322639727,286.56026626464694
1.5316147455952565,283.94904419480895
1.5413081308698733,281.3538649884154
1.5510628642859543,278.7747345413296
1.5608793341076987,276.21165709467937
1.5707579310565736,273.66463525306017
1.5806990483268792,271.1336700028
1.5907030816013807,268.61876210406524
1.6007704290670683,266.119927243565
1.6109014914310116,263.6371898178902
1.6210966719362936,261.17057180925883
1.6313563763780696,258.72009261685537
1.6416810131197257,256.28576909299613
1.6520709931091182,253.86761557931644
1.6625267298949356,251.4656439429904
1.6730486396431714,249.0798636129207
1.683637141153668,246.71028161596865
1.6942926558767977,244.3569026131232
1.7050156079302428,242.01972893566628
1.715806424115862,239.6987606212998
1.7266655339366868,237.39399545020885
1.7375933696140227,235.1054289810785
1.7485903661046398,232.83305458703737
1.7596569611180897,230.57686349152607
1.7707935951341387,228.3368448040754
1.7820007114202832,226.11298555598464
1.7932787560493975,223.9052707359
1.8046281779175035,221.71368332527453
1.8160494287616156,219.5382043337055
1.827542963177734,217.37881283414373
1.8391092386389347,215.23548599796064
1.850748715513588,213.10819912986125
1.8624618570836655,210.99692570265915
1.8742491295631876,208.9016373918688
1.8861110021167913,206.8223041101424
1.898047946878384,204.7588940415241
1.9100604389699456,202.71137367552248
1.92214895652045,200.67970784098964
1.9343139806848744,198.66385973980303
1.946555995663363,196.66379098035247
1.958875488720507,194.67946161080403
1.9712729502047204,192.7108299824289
1.983748873567768,190.7578517277288
1.9963037553844127,188.8204805319735
2.0089380953721654,186.8986687263489
2.0216523964111803,184.99236732105967
2.034447164564283,183.10152603566
2.047322909097096,181.22609332914607
2.060280142498312,179.36601642980935
2.073319380500109,177.52124136484528
2.0864411420986535,175.6917129897128
2.0996459495747715,173.8773750172526
2.1129343285147426,172.07817004653305
2.1263068078312024,170.29403959145753
2.139763919784207,168.52492410909863
2.1533062000024126,166.77076302777405
2.166934187504408,165.031494774849
2.180648424720148,163.30705680427792
2.194449457512554,161.59738562387
2.208337835199252,159.9024168222759
2.222314110574415,158.22208509570797
2.236378839930776,156.55632427437277
2.2505325830817826,154.90506734862257
2.264775903383855,153.2682464948339
2.2791093677588203,151.6457931009861
2.293533546716492,150.0376377919717
2.3080490143773496,148.44371045460392
2.3226563484954075,146.8639402623448
2.337356130481216,145.29825569973383
2.3521489454249878,143.7465845865408
2.3670353821198886,142.20885410160724
2.3820160330854945,140.684990806411
2.3970914945913435,139.17492066832753
2.4122623666806846,137.6785690836005
2.427529253194373,136.1958609000156
2.44289276179488,134.7267193345728
2.4583535039904905,133.2710620842761
2.473912095159657,131.82880517993172
2.489569154575468,130.39986451403584
2.505325305430312,128.98415585458795
2.5211811748606743,127.58159485855148
2.537137393972117,126.1920970851124
2.553194597864373,124.815578008735
2.5693534256566353,123.45195303201805
2.5856145205130097,122.1011374983476
2.6019785296680897,120.76304670435366
2.6184461044527287,119.43759591217076
2.635017900319982,118.12470036149128
2.6516945768711646,116.82427528143512
2.668476797882119,115.53623590221244
2.6853652313296528,114.26049746659704
2.7023605494180942,112.99697524120587
2.7194634286060633,111.74558452758485
2.73667454963341,110.5062406731024
2.7539945975482825,109.27885908165295
2.7714242617344067,108.06335522417272
2.7889642359385407,106.85964464896256
2.8066152182980586,105.66764299183075
2.8243779113687526,104.4872659860428
2.8422530221528124,103.3184294720884
2.860241262126934,102.16104940726994
2.878343347270656,101.0150418751028
2.8965599980948684,99.88032309453497
2.9148919396704662,98.75680942899274
2.933339901657225,97.64441739524
2.9519046183328355,96.5430636720692
2.9705868286221464,95.4526651088084
2.989387276126552,94.37313873366148
3.008306709153596,93.30440176142221
3.0273458807467817,92.24637100641182
3.0465055487155026,91.19896176068721
3.0657864756652318,90.16208931209032
3.0851894290278814,89.13566928445906
3.1047151810923275,88.11961764194116
3.1243645090351544,87.11385069319844
3.144138194951612,86.11828509548813
3.164037025886711,85.13283785863763
3.1840617938665625,84.15742634890398
3.2042132959299225,83.19196829272144
3.2244923341598835,82.23638178034254
3.2448997157158135,81.29058526936622
3.2654362528655025,80.35449758816024
3.286102763017456,79.42803793918051
3.30690006875345,78.51112590217996
3.3278289978612894,77.6036814373154
3.3488903833677166,76.70562488815598
3.3700850635716,75.81687698458326
3.3914138820772783,74.93735884559726
3.4128776878281704,74.06699198201662
3.434477335140526,73.20569829909051
3.45621368373745,72.35340009900483
3.478087598783135,71.51002008329617
3.5000999509172668,70.67548135517637
3.522251616289693,69.8497074217546
3.5445434765953125,69.03262219617623
3.56697641910914,68.2241499996664
3.5895513367216294,67.42421556348566
3.612269127974244,66.6327440307974
3.635130697095172,65.84966095844679
3.658136954035343,65.07489231865807
3.681288814504665,64.30836450063916
3.7045872000084312,63.550004312112634
3.7280330378840176,62.79973897960949
3.7516272613378185,62.05749601087666
3.7753708094823417,61.32320307238936
3.7992646273736166,60.59678824281566
3.823309666048824,59.8781800460284
3.847506882564113,59.167307451602404
3.8718572400327127,58.46409987524934
3.896361707663288,57.76848717918379
3.921021260798476,57.08039967243172
3.9458368809537334,56.39976811107049
3.970809555856391,55.72652369841392
3.995940279484992,55.060598085131126
4.0212300521088205,54.40192336930942
4.04667988032773,53.75043209645921
4.0722907771122285,53.106057259457536
4.098063761843761,52.46873229844156
4.123999860355302,51.838391100641154
4.150100104972204,51.21496800015768
4.176365534553248,50.59839777769345
4.202797194532019,49.988615660224006
4.229396136958526,49.38555732061982
4.256163420541045,48.78915887721956
4.283100110688271,48.199356893350405
4.310207279551757,47.61608837680122
4.3374860060685325,47.03929077924884
4.364937376004075,46.468901995633736
4.392562481995555,45.904860363494
4.42036242359527,45.34710466225014
4.448338307314438,44.79557411244848
4.476491246667263,44.25020837495805
4.504822362215207,43.71094755012875
4.53333278161162,43.17773217690284
4.562023639646635,42.65050323189036
4.590896078292307,42.129202128401104
4.619951246748078,41.61377070015487
4.649190301486519,41.104150616274445
4.67861440629938,40.60028323216684
4.708224732343877,40.10211035105992
4.738022458189313,39.60957427556868
4.768008769864033,39.12261780455694
4.798184860902568,38.641184230002686
4.828551932393168,38.16521733386998
4.859111193025639,37.69466138498414
4.889863859139398,37.229461135913766
4.920811154771909,36.769561819861
4.951954311707433,36.31490914755173
4.983294569526004,35.865449304138444
5.0148331756527895,35.42112894610556
5.046571385407776,34.981895198182976
5.078510462055672,34.5476956502658
5.11065167685622,34.118478354341754
5.142996309114824,33.69419182142395
5.175545646233413,33.27478501849395
5.208300983761712,32.8602073654492
5.241263625448833,32.45040873206041
5.2744348832951164,32.045339434935755
5.307816077604376,31.644950234493212
5.341408537036483,31.249192331941295
5.375213598660186,30.858017366267344
5.40923260800638,30.47137741123582
5.4434669191216285,30.08922497239391
5.4779178946221085,29.71151298408568
5.512586905747784,29.338194806476746
5.547475332417011,28.969224222586575
5.582584563281494,28.60455543533003
5.617915995781502,28.24414306456961
5.653471036201515,27.887942144175497
5.68925109972623,27.535908119096028
5.725257610496827,27.18799685843185
5.761492001667692,26.844164932701467
5.797955715463476,26.504369559872337
5.834650203236452,26.16856833777976
5.871576925524304,25.836719232645088
5.908737352108299,25.508780577046824
5.94613296207172,25.18471106788246
5.983765243858771,24.86446976432494
6.021635695333852,24.548016085770488
6.059745823841116,24.23530980978199
6.098097146264496,23.926311070025317
6.13669118908811,23.620980354199872
6.175529488456962,23.31927850196509
6.214613590238112,23.02116670286084
6.253945050082235,22.726606494223088
6.293525433485484,22.435559759097583
6.333356315851836,22.147988724146856
6.373439282555777,21.863855957555863
6.413775929005456,21.583124366933014
6.454367860706108,21.305757197209644
6.495216693323996,21.0317180285364
6.536324052750758,20.760970774176503
6.577691575168043,20.49347967839964
6.619320907112681,20.229209314371094
6.661213705542243,19.96812458204225
6.7033716379009345,19.7101907060389
6.745796382185988,19.455373233548883
6.788489627014491,19.20363803220967
6.831453071690532,18.95495128799588
6.874688426272866,18.70927950310667
6.918197411643017,18.46658949385335
6.961981759573703,18.22684838854876
7.006043212797801,17.990023625396788
7.050383525077745,17.75608295038231
7.095004461275268,17.52499439668215
7.139907797421668,17.296726109074015
7.185095320788551,17.07124643035748
7.230568829958886,16.84852401778242
7.276330134898641,16.628527842060205
7.322381057028843,16.41122718476463
7.3687234292980195,16.1965916357473
7.415359096255197,15.984591090567166
7.462289914123288,15.775195747934292
7.509517750873038,15.568376107167436
7.55704448629729,15.364102965667387
7.604872012085837,15.162347416403335
7.653002231900774,14.963080845414256
7.7014370614521725,14.766274929324585
7.750178428574382,14.571901632874356
7.799228273302795,14.3799332064635
7.848588547950991,14.190342183711259
7.8982612171884785,14.00310137902923
7.948248258118943,13.818183885209349
7.998551660358847,13.635563071026157
8.049173426116678,13.4552125788537
8.100115570272669,13.277106322296596
8.151380120458924,13.101218483835783
8.202969117140153,12.927523512488964
8.25488461369495,12.755996121484271
8.307128676497408,12.586611285950568
8.35970338499944,12.419344240619958
8.412610831813572,12.254170477545792
8.465853122796142,12.091065743835443
8.51943237713119,11.930006039396517
8.57335072741482,11.770967614698153
8.62761031974001,11.613926968546394
8.68221331378209,11.458860845874327
8.737161882884669,11.30574623554571
8.792458214146212,11.154560378715331
8.848104508506982,11.005280822942408
8.9041029808367,10.857885375554815
8.960455860022758,10.712352073792884
9.01716538905882,10.568659182787304
9.07423382513417,10.426785193618018
9.131663439723575,10.286708821383588
9.189456518677623,10.148409003280555
9.247615362313747,10.011864896693519
9.306142285507825,9.877055877294994
9.365039617786232,9.743961537156023
9.424309703418595,9.612561682867348
9.483954901511176,9.482836333670157
9.543977586100644,9.354765719598586
9.604380146248626,9.228330279631793
9.66516498613686,9.10351065985672
9.726334525162777,8.980287711641864
9.787891198035853,8.858642489821252
9.849837454874558,8.738556250888934
9.912175761303793,8.62001045120477
9.974908598553059,8.502986745210164
10.038038463555296,8.387466983654889
10.101567869046132,8.273433211834547
10.165499343663987,8.160867667838671
10.229835432050672,8.049752780809897
10.294578694952763,7.940071169213197
10.359731709323396,7.831805639116807
10.425297068424896,7.724939182483274
10.491277381932065,7.619454975471212
10.55767527603592,7.515336376748642
10.624493393548304,7.412566925816216
10.691734394007108,7.3111303413416815
10.75940095378204,7.211010519505329
10.827495766181173,7.112191532355861
10.896021541558248,7.014657620762498
10.9649810074204,6.918393176488512
11.034376908536805,6.823382758200757
11.10421200704796,6.729611095722269
11.174489082575532,6.637063088384798
11.24521093233304,6.545723803393292
11.316380371237255,6.45557847420254
11.38800023202012,6.366612498906097
11.460073365341556,6.278811438637229
11.532602639902995,6.192161015981701
11.60559094256144,6.106647113402998
11.67904117844442,6.0222557716791645
11.752956271065687,5.938973188351677
11.827339162441472,5.85678571618622
11.902192813207645,5.775679861645439
11.977520202737528,5.695642283373302
12.053324329260558,5.61665979069115
12.129608209981509,5.5387193421058525
12.206374881200627,5.461808043829355
12.283627398434588,5.385913148309665
12.361368836537933,5.31102205277406
12.43960228982556,5.237122297782985
12.51833087219594,5.164201565796265
12.597557717254919,5.092247679750167
12.677285978440525,5.02124860164614
12.757518829148527,4.951192431150789
12.83825946285864,4.882067404207234
12.919511093261676,4.813861891657701
13.001276954387544,4.746564397877202
13.083560300733817,4.680163559418454
13.166364407395356,4.614648143668019
13.24969257019473,4.550007047513145
13.33354810581326,4.486229296019985
13.41793435192309,4.423304041119558
13.502854667320127,4.361220558708056
13.58831243205758,4.299968244849897
13.674311047580575,4.239536618252141
13.76085393686152,4.179915319704824
13.84794454453642,4.121094110811754
13.935586337041851,4.063062872732754
14.023782802753006,4.0058116049362775
14.112537452122616,3.9493304239630738
14.201853817820515,3.8936095622006337
14.291735454874344,3.838639366668157
14.382185940811103,3.784410297812236
14.473208875799418,3.7309129283131
14.564807882792888,3.6781379419013054
14.656986607674396,3.6260761321848753
14.749748719401044,3.574718401486926
14.843097910150268,3.524055759693351
14.937037895466895,3.474079323111008
15.031572414410848,3.4247803133359698
15.126705229706063,3.376150056131914
15.222440127890343,3.3281799803185628
15.318780919465892,3.2808616166701263
15.415731439051076,3.2341865968237697
15.51329554553313,3.1881466521978155
15.611477122221597,3.14273361291982
15.710280077002963,3.09793940676444
15.809708342496277,3.053756058100911
15.909765876209548,3.010175686850232
16.010456660697336,2.967190507451843
16.111784703719234,2.9247928278398247
16.2137540383995,2.8829750484285377
16.3163687233874,2.8417296611076788
16.419632843018857,2.80104924824656
16.523550507479104,2.76092648170769
16.62812585296609,2.7213541220582758
16.73336304185521,2.6823250334596755
16.83926626286507,2.6438321935339046
16.945839731224027,2.605868665824115
17.05308768883805,2.5684275960004617
17.161014404459667,2.5315022110172176
17.269624173857665,2.4950858182765216
17.378921319988187,2.4591718047984927
17.488910193166884,2.4237536363976964
17.599595171241873,2.3888248568662847
17.71098065976809,2.3543790871633683
17.82307109218273,2.320410024610818
17.935870929981544,2.28691144209556
18.04938466289647,2.2538771872781687
18.163616809074465,2.2213011818077306
18.27857191525715,2.189177420543308
18.394254556961847,2.157499970781431
18.510669338663828,2.1262629714900667
18.62782089397937,2.0954606325488188
18.74571388585033,2.0650872339954103
18.864353006729647,2.035137125278368
18.9837429787683,2.005604724515943
19.103888554003007,1.9764845177612824
19.224794514545504,1.94777105827374
19.34646567277296,1.919458965796208
19.46890687151935,1.8915429258388667
19.592122984268304,1.864017688968784
19.71611891534716,1.8368780701056897
19.840899600122,1.810118947823833
19.96647000519417,1.7837352636598331
20.092835128598107,1.7577220214265323
20.219999999999995,1.7320742865328704
